{
  "alunos": [
    {
      "nome_completo": "Christine Bettini",
      "hardskills": {
        "API": {
          "nota": 22.06,
          "diferenca_absoluta_media": -2.8562499999999993,
          "gap": 0.794475138121547
        },
        "REST": {
          "nota": 21,
          "diferenca_absoluta_media": 4.036250000000003,
          "gap": 0.4158415841584158
        },
        "Firebase": {
          "nota": 44.64,
          "diferenca_absoluta_media": 2.2750000000000057,
          "gap": 0
        }
      },
      "softskills": [
        "Gestão de Conflitos",
        "Comunicação Eficaz",
        "Colaboração",
        "Motivação",
        "Liderança de Equipe"
      ]
    },
    {
      "nome_completo": "Kevin Ford",
      "hardskills": {
        "API": {
          "nota": 25.94,
          "diferenca_absoluta_media": 1.0237500000000033,
          "gap": 0.36574585635359097
        },
        "REST": {
          "nota": 18.94,
          "diferenca_absoluta_media": 1.9762500000000038,
          "gap": 0.5358182877111239
        },
        "Firebase": {
          "nota": 41.04,
          "diferenca_absoluta_media": -1.3249999999999957,
          "gap": 0.7758620689655175
        }
      },
      "softskills": [
        "Trabalhar sob pressão",
        "Negociação",
        "Flexibidade",
        "Equilíbrio Emocional",
        "Comunicação Eficaz"
      ]
    },
    {
      "nome_completo": "Trevor Wiersema",
      "hardskills": {
        "API": {
          "nota": 21.54,
          "diferenca_absoluta_media": -3.376249999999999,
          "gap": 0.8519337016574586
        },
        "REST": {
          "nota": 14.28,
          "diferenca_absoluta_media": -2.683749999999998,
          "gap": 0.8072218986604542
        },
        "Firebase": {
          "nota": 44.45,
          "diferenca_absoluta_media": 2.085000000000008,
          "gap": 0.04094827586206847
        }
      },
      "softskills": [
        "Criatividade",
        "Gestão de Tempo",
        "Trabalhar orientado para Resultados",
        "Gestão de Conflitos",
        "Negociação"
      ]
    },
    {
      "nome_completo": "Eddie Mazzuoli",
      "hardskills": {
        "API": {
          "nota": 24.25,
          "diferenca_absoluta_media": -0.666249999999998,
          "gap": 0.5524861878453038
        },
        "REST": {
          "nota": 12.88,
          "diferenca_absoluta_media": -4.083749999999997,
          "gap": 0.8887594641817121
        },
        "Firebase": {
          "nota": 40.44,
          "diferenca_absoluta_media": -1.9249999999999972,
          "gap": 0.905172413793104
        }
      },
      "softskills": [
        "Auto-Controle",
        "Equilíbrio Emocional",
        "Gestão de Tempo",
        "Produtividade",
        "Motivação"
      ]
    },
    {
      "nome_completo": "Ora Manni",
      "hardskills": {
        "API": {
          "nota": 29.25,
          "diferenca_absoluta_media": 4.333750000000002,
          "gap": 0
        },
        "REST": {
          "nota": 15.16,
          "diferenca_absoluta_media": -1.8037499999999973,
          "gap": 0.7559697146185206
        },
        "Firebase": {
          "nota": 42.38,
          "diferenca_absoluta_media": 0.015000000000007674,
          "gap": 0.4870689655172409
        }
      },
      "softskills": [
        "Trabalhar orientado para Resultados",
        "Flexibidade",
        "Gestão de Conflitos",
        "Disciplina",
        "Auto-Controle"
      ]
    },
    {
      "nome_completo": "Eugenia Walsh",
      "hardskills": {
        "API": {
          "nota": 20.2,
          "diferenca_absoluta_media": -4.716249999999999,
          "gap": 1
        },
        "REST": {
          "nota": 10.97,
          "diferenca_absoluta_media": -5.993749999999997,
          "gap": 1
        },
        "Firebase": {
          "nota": 43.45,
          "diferenca_absoluta_media": 1.085000000000008,
          "gap": 0.2564655172413788
        }
      },
      "softskills": [
        "Liderança de Equipe",
        "Gestão de Conflitos",
        "Flexibidade",
        "Equilíbrio Emocional",
        "Auto-Controle"
      ]
    },
    {
      "nome_completo": "Bettie Taddei",
      "hardskills": {
        "API": {
          "nota": 28.53,
          "diferenca_absoluta_media": 3.613750000000003,
          "gap": 0.07955801104972363
        },
        "REST": {
          "nota": 14.34,
          "diferenca_absoluta_media": -2.6237499999999976,
          "gap": 0.803727431566686
        },
        "Firebase": {
          "nota": 40,
          "diferenca_absoluta_media": -2.364999999999995,
          "gap": 1
        }
      },
      "softskills": [
        "Colaboração",
        "Gestão de Tempo",
        "Negociação",
        "Auto-Controle",
        "Equilíbrio Emocional"
      ]
    },
    {
      "nome_completo": "Edwin Summers",
      "hardskills": {
        "API": {
          "nota": 27.56,
          "diferenca_absoluta_media": 2.6437500000000007,
          "gap": 0.18674033149171285
        },
        "REST": {
          "nota": 28.14,
          "diferenca_absoluta_media": 11.176250000000003,
          "gap": 0
        },
        "Firebase": {
          "nota": 42.52,
          "diferenca_absoluta_media": 0.15500000000000824,
          "gap": 0.45689655172413735
        }
      },
      "softskills": [
        "Comunicação Eficaz",
        "Colaboração",
        "Foco",
        "Gestão de Conflitos",
        "Disciplina"
      ]
    }
  ],
  "analise": {
    "API": {
      "total_pontos": 199.32999999999998,
      "menor": 20.2,
      "maior": 29.25,
      "media": 24.916249999999998
    },
    "REST": {
      "total_pontos": 135.70999999999998,
      "menor": 10.97,
      "maior": 28.14,
      "media": 16.963749999999997
    },
    "Firebase": {
      "total_pontos": 338.91999999999996,
      "menor": 40,
      "maior": 44.64,
      "media": 42.364999999999995
    }
  },
  "hardskills_atividade": {
    "API": {
      "peso": 20
    },
    "REST": {
      "peso": 40
    },
    "Firebase": {
      "peso": 40
    }
  }
}